Length, Avg. Value
100, 7.57311e+07
100, 7.47709e+07
180, 1.50348e+08
180, 1.50348e+08
240, 1.84918e+08
240, 1.84918e+08
