Length, Avg. Value
100, 5.25454e+06
100, 5.28653e+06
180, 5.72636e+06
180, 5.76071e+06
240, 7.03185e+06
240, 6.92631e+06
