Length, Avg. Value
180, 5.80756e+06
180, 5.80248e+06
180, 5.79501e+06
180, 5.80158e+06
300, 8.64359e+06
300, 8.63607e+06
300, 8.71066e+06
300, 8.74726e+06
