Length, Avg. Value
480, 5.25953e+06
480, 5.26542e+06
480, 5.25953e+06
480, 5.26542e+06
