Length, Avg. Value
100, 5.25404e+06
100, 5.28649e+06
180, 5.68953e+06
180, 5.69364e+06
240, 6.85471e+06
240, 6.84412e+06
