Length, Avg. Value
180, 5.26342e+06
180, 5.24112e+06
180, 5.26342e+06
