Length, Avg. Value
600, 5.25537e+06
600, 5.25652e+06
