Length, Avg. Value
600, 5.30726e+06
600, 5.31412e+06
600, 5.30184e+06
600, 5.31131e+06
